{"_step":0,"loss":NaN,"_timestamp":1.7324444792826657e+09,"_wandb":{"runtime":43},"_runtime":39.353225774}