{"_wandb":{"runtime":237},"loss":1.0115994644165038,"_timestamp":1.7325570819703689e+09,"_runtime":197.395003668,"_step":6,"Test-ouput":{"test_F1":27.61247337025845,"test_P":44.21487511952738,"test_R":20.07504671599393}}