{"loss":0.16632232822012155,"_timestamp":1.7325577168761942e+09,"Test-ouput":{"test_F1":69.39502539188751,"test_P":70.43478192816636,"test_R":68.38649091569896},"_wandb":{"runtime":411},"_runtime":403.890142308,"_step":18}