{"_step":9,"step":500,"loss":1.403665270805359,"_timestamp":1.7324431359195445e+09,"_runtime":380.809449531,"_wandb":{"runtime":398}}