{"_runtime":134.179065336,"_step":5,"loss":1.0635635846853255,"_timestamp":1.7325572631828015e+09,"Test-ouput":{"test_F1":0,"test_P":0,"test_R":0},"_wandb":{"runtime":158}}