{"_wandb":{"runtime":5442},"loss":0.029073395719058225,"_timestamp":1.7325632032794938e+09,"_runtime":5440.97589882,"_step":179,"Test-ouput":{"test_F1":71.79677760286684,"test_P":71.83098524102361,"test_R":71.76360157820262}}