{"_timestamp":1.732568500215134e+09,"_runtime":379.626791022,"_step":1,"dev-output":{"dev_average_loss":0.33630954068899155,"dev_F1":3.3225588213184998,"dev_F1_ign":3.3225588188208985,"dev_re_p":21.498054474708173,"dev_re_r":1.80040733197556},"_wandb":{"runtime":379},"loss":2.0098534734547138}