{"loss":0.0004640879749558735,"_timestamp":1.7326068430702217e+09,"dev-output":{"dev_F1_ign":99.98602631702174,"dev_re_p":99.97556605310311,"dev_re_r":100,"dev_average_loss":0.0001296978315040178,"dev_F1":99.98778153382479},"_wandb":{"runtime":38274},"_runtime":38268.976498106,"_step":217}