{"_timestamp":1.7324443874850695e+09,"_runtime":76.422821936,"_step":1,"_wandb":{"runtime":101},"loss":NaN}