{"_timestamp":1.732556771951034e+09,"Test-ouput":{"test_F1":5.035891822309436,"test_P":60.86955198488,"test_R":2.6266416263917294},"_wandb":{"runtime":376},"_runtime":373.213246121,"_step":13,"loss":0.9401984143257142}